page,media_id,original_url,ext
about,747fdf_d5c7a46e55574ac89bb3790a4a986eef~mv2.png,https://static.wixstatic.com/media/747fdf_d5c7a46e55574ac89bb3790a4a986eef~mv2.png,.png
about,747fdf_0424068c80ec468a8c38cc396463f07e~mv2.jpg,https://static.wixstatic.com/media/747fdf_0424068c80ec468a8c38cc396463f07e~mv2.jpg,.jpg
about,747fdf_4c88eccc4d66423abe4965bd98f12d1c~mv2.png,https://static.wixstatic.com/media/747fdf_4c88eccc4d66423abe4965bd98f12d1c~mv2.png,.png
about,747fdf_36ca841ae9ea4169a55177a3b073cabc~mv2.jpg,https://static.wixstatic.com/media/747fdf_36ca841ae9ea4169a55177a3b073cabc~mv2.jpg,.jpg
about,747fdf_c1eb947321f3415a943cc041c155e483~mv2.jpg,https://static.wixstatic.com/media/747fdf_c1eb947321f3415a943cc041c155e483~mv2.jpg,.jpg
about,747fdf_7de4e65afc554b0db48dd10e75bf7978~mv2.png,https://static.wixstatic.com/media/747fdf_7de4e65afc554b0db48dd10e75bf7978~mv2.png,.png
about,11062b_4340bbcd93f14d92b07da0b006fc5f43f000.jpg,https://static.wixstatic.com/media/11062b_4340bbcd93f14d92b07da0b006fc5f43f000.jpg,.jpg
about,747fdf_d23f071bd22b4c368486dd3c6f86fb32~mv2.png,https://static.wixstatic.com/media/747fdf_d23f071bd22b4c368486dd3c6f86fb32~mv2.png,.png
about,747fdf_033bdc1335414172abdfe2a922a47c58~mv2.png,https://static.wixstatic.com/media/747fdf_033bdc1335414172abdfe2a922a47c58~mv2.png,.png
about,747fdf_8ed881cd4efe4a6c8f33555cfb65dbe9~mv2.png,https://static.wixstatic.com/media/747fdf_8ed881cd4efe4a6c8f33555cfb65dbe9~mv2.png,.png
about,c837a6_9fe36d379ad5420fb2f7663fe6a1ff26~mv2.png,https://static.wixstatic.com/media/c837a6_9fe36d379ad5420fb2f7663fe6a1ff26~mv2.png,.png
about,747fdf_e412f4453e1548d4b6d5aae65de91a28~mv2.png,https://static.wixstatic.com/media/747fdf_e412f4453e1548d4b6d5aae65de91a28~mv2.png,.png
about,747fdf_2ffdc7b1c03e44e487c717ccebe8bcc9~mv2.jpg,https://static.wixstatic.com/media/747fdf_2ffdc7b1c03e44e487c717ccebe8bcc9~mv2.jpg,.jpg
about,747fdf_4661208f80054a38b577be6cc36238bb~mv2.jpg,https://static.wixstatic.com/media/747fdf_4661208f80054a38b577be6cc36238bb~mv2.jpg,.jpg
about,747fdf_e63f72fd57b1434ea821c615f22d68d9~mv2.jpg,https://static.wixstatic.com/media/747fdf_e63f72fd57b1434ea821c615f22d68d9~mv2.jpg,.jpg
about,747fdf_6e01a43b1bc64138a85e84a6d902d3a0~mv2.jpg,https://static.wixstatic.com/media/747fdf_6e01a43b1bc64138a85e84a6d902d3a0~mv2.jpg,.jpg
about,747fdf_45036a563058469bbe586d03d75f48cd~mv2.jpg,https://static.wixstatic.com/media/747fdf_45036a563058469bbe586d03d75f48cd~mv2.jpg,.jpg
about,747fdf_517adb274aab498a89edb988fc8a48ff~mv2.jpg,https://static.wixstatic.com/media/747fdf_517adb274aab498a89edb988fc8a48ff~mv2.jpg,.jpg
about,747fdf_5e40ceda074f464bb3155b7e01b102ac~mv2.jpg,https://static.wixstatic.com/media/747fdf_5e40ceda074f464bb3155b7e01b102ac~mv2.jpg,.jpg
about,747fdf_fe0abad2518c4cc0904d37e8734df184~mv2.jpg,https://static.wixstatic.com/media/747fdf_fe0abad2518c4cc0904d37e8734df184~mv2.jpg,.jpg
about,747fdf_b0f35bb1c76f4fdcb2da3aa1958e4549~mv2.jpg,https://static.wixstatic.com/media/747fdf_b0f35bb1c76f4fdcb2da3aa1958e4549~mv2.jpg,.jpg
about,747fdf_29f7384608a847689694d2adbc71fa0b~mv2.jpg,https://static.wixstatic.com/media/747fdf_29f7384608a847689694d2adbc71fa0b~mv2.jpg,.jpg
about,747fdf_19b862e1e5bf437c9e08a716ca292b6e~mv2.jpg,https://static.wixstatic.com/media/747fdf_19b862e1e5bf437c9e08a716ca292b6e~mv2.jpg,.jpg
about,747fdf_37d7116dec984ce3ab5389fc35d5ead4~mv2.jpg,https://static.wixstatic.com/media/747fdf_37d7116dec984ce3ab5389fc35d5ead4~mv2.jpg,.jpg
about,747fdf_cb5144a4f2d446d8bfd758cd930d0013~mv2.jpg,https://static.wixstatic.com/media/747fdf_cb5144a4f2d446d8bfd758cd930d0013~mv2.jpg,.jpg
about,747fdf_9300e8ad2cb14c36b90e46c80094a367~mv2.jpg,https://static.wixstatic.com/media/747fdf_9300e8ad2cb14c36b90e46c80094a367~mv2.jpg,.jpg
about,747fdf_a40472327bbd4a4eb52d0aae9e4311a4~mv2.jpg,https://static.wixstatic.com/media/747fdf_a40472327bbd4a4eb52d0aae9e4311a4~mv2.jpg,.jpg
about,747fdf_2efcf6b12e7b40b092cefe49cbaa0503~mv2.jpg,https://static.wixstatic.com/media/747fdf_2efcf6b12e7b40b092cefe49cbaa0503~mv2.jpg,.jpg
digital-presence,11062b_c340018bdc444e61869f46725c8ec735~mv2.jpg,https://static.wixstatic.com/media/11062b_c340018bdc444e61869f46725c8ec735~mv2.jpg,.jpg
digital-presence,11062b_f3dd34b99b504ca6bf6f4f27698dc7f6f000.jpg,https://static.wixstatic.com/media/11062b_f3dd34b99b504ca6bf6f4f27698dc7f6f000.jpg,.jpg
digital-presence,747fdf_fd07139b4603448faa789b212d90a7f5~mv2.jpg,https://static.wixstatic.com/media/747fdf_fd07139b4603448faa789b212d90a7f5~mv2.jpg,.jpg
digital-presence,747fdf_f124ca0dada3402f85cdb4e84ba356de~mv2.jpg,https://static.wixstatic.com/media/747fdf_f124ca0dada3402f85cdb4e84ba356de~mv2.jpg,.jpg
digital-presence,747fdf_afcf0819f9374b33aac30f13366d0a98~mv2.jpg,https://static.wixstatic.com/media/747fdf_afcf0819f9374b33aac30f13366d0a98~mv2.jpg,.jpg
digital-presence,747fdf_4deab9375c9f446cb9924f748d72ee4f~mv2.png,https://static.wixstatic.com/media/747fdf_4deab9375c9f446cb9924f748d72ee4f~mv2.png,.png
digital-presence,747fdf_bb3c03f4cdd744ec83e79d76dc382da1~mv2.png,https://static.wixstatic.com/media/747fdf_bb3c03f4cdd744ec83e79d76dc382da1~mv2.png,.png
digital-presence,747fdf_60da548ed0214ee1a420633af80a504f~mv2.png,https://static.wixstatic.com/media/747fdf_60da548ed0214ee1a420633af80a504f~mv2.png,.png
digital-presence,747fdf_17dcf157c16947dbb50703e4df2f384d~mv2.jpg,https://static.wixstatic.com/media/747fdf_17dcf157c16947dbb50703e4df2f384d~mv2.jpg,.jpg
digital-presence,747fdf_4492639fb5b545969818ac2c262006e2~mv2.png,https://static.wixstatic.com/media/747fdf_4492639fb5b545969818ac2c262006e2~mv2.png,.png
digital-presence,747fdf_ebed50b8980f45ed9cbc0853a40d7e66~mv2.jpg,https://static.wixstatic.com/media/747fdf_ebed50b8980f45ed9cbc0853a40d7e66~mv2.jpg,.jpg
digital-presence,747fdf_414983a9677043b695539bf346b4dfda~mv2.jpg,https://static.wixstatic.com/media/747fdf_414983a9677043b695539bf346b4dfda~mv2.jpg,.jpg
digital-presence,747fdf_f4760a761df849469ec01649f7d1308b~mv2.jpg,https://static.wixstatic.com/media/747fdf_f4760a761df849469ec01649f7d1308b~mv2.jpg,.jpg
digital-presence,747fdf_1b25c17b7ce74d9f964376793a3172a5~mv2.jpg,https://static.wixstatic.com/media/747fdf_1b25c17b7ce74d9f964376793a3172a5~mv2.jpg,.jpg
digital-presence,747fdf_06e10169aa3449d199ca276f694bef93~mv2.png,https://static.wixstatic.com/media/747fdf_06e10169aa3449d199ca276f694bef93~mv2.png,.png
digital-presence,747fdf_95ab72e51700427a9b1c6d2bb60142d1~mv2.png,https://static.wixstatic.com/media/747fdf_95ab72e51700427a9b1c6d2bb60142d1~mv2.png,.png
digital-presence,747fdf_d58bfbf9c85649d28da3acb04b0f0aa9~mv2.jpg,https://static.wixstatic.com/media/747fdf_d58bfbf9c85649d28da3acb04b0f0aa9~mv2.jpg,.jpg
digital-presence,747fdf_1e498c2c4e9d4f7c897f26c04c6e08b1~mv2.jpg,https://static.wixstatic.com/media/747fdf_1e498c2c4e9d4f7c897f26c04c6e08b1~mv2.jpg,.jpg
digital-presence,747fdf_2912b0dbcf144c72b38fc805cdb6f18c~mv2.jpg,https://static.wixstatic.com/media/747fdf_2912b0dbcf144c72b38fc805cdb6f18c~mv2.jpg,.jpg
digital-presence,747fdf_a47284bfce5a4f33805f66133e00e76a~mv2.jpg,https://static.wixstatic.com/media/747fdf_a47284bfce5a4f33805f66133e00e76a~mv2.jpg,.jpg
digital-solutions,11062b_2b74c96468d4482a9697638a0dcc24b7~mv2.jpg,https://static.wixstatic.com/media/11062b_2b74c96468d4482a9697638a0dcc24b7~mv2.jpg,.jpg
digital-solutions,747fdf_2e004c4f187345d3b3dae52236d93caa~mv2.png,https://static.wixstatic.com/media/747fdf_2e004c4f187345d3b3dae52236d93caa~mv2.png,.png
digital-solutions,11062b_8585b81392db43fd9386b680ca9a1490f000.jpg,https://static.wixstatic.com/media/11062b_8585b81392db43fd9386b680ca9a1490f000.jpg,.jpg
digital-solutions,747fdf_836cbcf06bcd4b2f9992223b63bbf988f000.jpg,https://static.wixstatic.com/media/747fdf_836cbcf06bcd4b2f9992223b63bbf988f000.jpg,.jpg
digital-solutions,747fdf_d86cf0fe28a8453eb2423a102e2ba459~mv2.png,https://static.wixstatic.com/media/747fdf_d86cf0fe28a8453eb2423a102e2ba459~mv2.png,.png
digital-solutions,747fdf_4cce53f7d86f42b3983c6effc666513c~mv2.png,https://static.wixstatic.com/media/747fdf_4cce53f7d86f42b3983c6effc666513c~mv2.png,.png
digital-solutions,747fdf_c15ed77773574e309ed480fc293b9719~mv2.png,https://static.wixstatic.com/media/747fdf_c15ed77773574e309ed480fc293b9719~mv2.png,.png
digital-solutions,747fdf_aed5dea5fb0649a8a47651f731086e0b~mv2.jpg,https://static.wixstatic.com/media/747fdf_aed5dea5fb0649a8a47651f731086e0b~mv2.jpg,.jpg
digital-solutions,747fdf_700e90e120f64f308d1e9aeabf69f39b~mv2.jpg,https://static.wixstatic.com/media/747fdf_700e90e120f64f308d1e9aeabf69f39b~mv2.jpg,.jpg
digital-solutions,747fdf_4720cb0e1ab9447292e71cf89158c33e~mv2.png,https://static.wixstatic.com/media/747fdf_4720cb0e1ab9447292e71cf89158c33e~mv2.png,.png
digital-solutions,747fdf_195b4a47124a47d4a7691c8d5d21225a~mv2.jpg,https://static.wixstatic.com/media/747fdf_195b4a47124a47d4a7691c8d5d21225a~mv2.jpg,.jpg
innovation-consultation,11062b_d69742637e5440fba8cbe60b6dc187b4~mv2.jpg,https://static.wixstatic.com/media/11062b_d69742637e5440fba8cbe60b6dc187b4~mv2.jpg,.jpg
innovation-consultation,747fdf_02d80bdfcfb642bba8474fcd4ea36d36~mv2.jpg,https://static.wixstatic.com/media/747fdf_02d80bdfcfb642bba8474fcd4ea36d36~mv2.jpg,.jpg
innovation-consultation,11062b_35e9285f1ebe467fb1a48754a84d90cff000.jpg,https://static.wixstatic.com/media/11062b_35e9285f1ebe467fb1a48754a84d90cff000.jpg,.jpg
innovation-consultation,747fdf_118d610ec8a1426c9fbccd41ac42fbb3~mv2.jpg,https://static.wixstatic.com/media/747fdf_118d610ec8a1426c9fbccd41ac42fbb3~mv2.jpg,.jpg
innovation-consultation,747fdf_0a9a57a4d56f46e7b5e50bcb5ab197c2~mv2.jpg,https://static.wixstatic.com/media/747fdf_0a9a57a4d56f46e7b5e50bcb5ab197c2~mv2.jpg,.jpg
innovation-consultation,747fdf_4900a988d33f4b6983e19d3b73f783d1~mv2.jpg,https://static.wixstatic.com/media/747fdf_4900a988d33f4b6983e19d3b73f783d1~mv2.jpg,.jpg
contact,11062b_228cb15c033f46998dc2797f1c7a2d2ff000.jpg,https://static.wixstatic.com/media/11062b_228cb15c033f46998dc2797f1c7a2d2ff000.jpg,.jpg
home,11062b_b7cfa4e925d14b32a70401123a356e96~mv2.jpg,https://static.wixstatic.com/media/11062b_b7cfa4e925d14b32a70401123a356e96~mv2.jpg,.jpg
home,84770f_3ebbf7ac3e26427b83ca50c82aabaaf8~mv2.png,https://static.wixstatic.com/media/84770f_3ebbf7ac3e26427b83ca50c82aabaaf8~mv2.png,.png
home,747fdf_5363970ae2ff47e4b5da3382e55ce0a8~mv2.jpg,https://static.wixstatic.com/media/747fdf_5363970ae2ff47e4b5da3382e55ce0a8~mv2.jpg,.jpg
home,747fdf_6e9a1274d90f415585a842f119b07049~mv2.jpg,https://static.wixstatic.com/media/747fdf_6e9a1274d90f415585a842f119b07049~mv2.jpg,.jpg
home,747fdf_c54da7a8c03843ae87976dadf543c721~mv2.png,https://static.wixstatic.com/media/747fdf_c54da7a8c03843ae87976dadf543c721~mv2.png,.png
home,747fdf_920935d4a33b4bafa96a6ffa7c5cad71~mv2.png,https://static.wixstatic.com/media/747fdf_920935d4a33b4bafa96a6ffa7c5cad71~mv2.png,.png
home,747fdf_c3682c5d529644e19034846a50fdddcd~mv2.jpg,https://static.wixstatic.com/media/747fdf_c3682c5d529644e19034846a50fdddcd~mv2.jpg,.jpg
home,747fdf_688f2cc08d8844f3ac6f2a60e7335ecff000.jpg,https://static.wixstatic.com/media/747fdf_688f2cc08d8844f3ac6f2a60e7335ecff000.jpg,.jpg
careers,84770f_b277d32c4552480eb4068ee023b6402~mv2.jpg,https://static.wixstatic.com/media/84770f_b277d32c4552480eb4068ee023b6402~mv2.jpg,.jpg
careers,c837a6_dd610e0724af42ebbc47147f9fbbedf1~mv2.jpg,https://static.wixstatic.com/media/c837a6_dd610e0724af42ebbc47147f9fbbedf1~mv2.jpg,.jpg
